{
  "高钾": {
    "n_samples": 18,
    "active_features": [
      "SiO2",
      "Na2O",
      "K2O",
      "CaO",
      "MgO",
      "Al2O3",
      "Fe2O3",
      "CuO",
      "PbO",
      "BaO",
      "P2O5",
      "SnO2",
      "SO2"
    ],
    "best_k": 4,
    "silhouette": 0.5142625033951168,
    "cluster_labels": [
      "0",
      "1",
      "2",
      "0",
      "0",
      "2",
      "2",
      "1",
      "1",
      "1",
      "1",
      "3",
      "3",
      "3",
      "1",
      "2",
      "1",
      "1"
    ],
    "pca_explained_var": [
      "0.4015851711009094",
      "0.5811567788144117",
      "0.715618507062093",
      "0.834526792300834",
      "0.908276826840434"
    ],
    "bootstrap_ari": 0.8334995655698384,
    "perturbation_ari": 1.0
  },
  "铅钡": {
    "n_samples": 49,
    "active_features": [
      "SiO2",
      "Na2O",
      "K2O",
      "CaO",
      "MgO",
      "Al2O3",
      "Fe2O3",
      "CuO",
      "PbO",
      "BaO",
      "P2O5",
      "SrO",
      "SnO2",
      "SO2"
    ],
    "best_k": 3,
    "silhouette": 0.2635016107683083,
    "cluster_labels": [
      "0",
      "1",
      "1",
      "0",
      "0",
      "2",
      "2",
      "1",
      "2",
      "1",
      "1",
      "2",
      "2",
      "0",
      "0",
      "2",
      "2",
      "2",
      "2",
      "2",
      "2",
      "2",
      "2",
      "0",
      "0",
      "0",
      "2",
      "2",
      "0",
      "0",
      "2",
      "2",
      "2",
      "2",
      "2",
      "0",
      "2",
      "0",
      "2",
      "0",
      "0",
      "0",
      "2",
      "0",
      "0",
      "2",
      "2",
      "2",
      "0"
    ],
    "pca_explained_var": [
      "0.25539928355497776",
      "0.4660222504898866",
      "0.5849228500764164",
      "0.6624046254500874",
      "0.7272316121076459",
      "0.7872745945390079",
      "0.8406530712276334",
      "0.884817602186095"
    ],
    "bootstrap_ari": 0.634611002899933,
    "perturbation_ari": 0.9593270399520176
  }
}