{
  "valid_count": 67,
  "delta": {
    "高钾": {
      "二氧化硅(SiO2)": 25.979166666666657,
      "氧化钠(Na2O)": -0.695,
      "氧化钾(K2O)": -8.7875,
      "氧化钙(CaO)": -4.4625,
      "氧化镁(MgO)": -0.8825000000000002,
      "氧化铝(Al2O3)": -4.69,
      "氧化铁(Fe2O3)": -1.6666666666666665,
      "氧化铜(CuO)": -0.8908333333333334,
      "氧化铅(PbO)": -0.4116666666666667,
      "氧化钡(BaO)": -0.5983333333333333,
      "五氧化二磷(P2O5)": -1.1224999999999998,
      "氧化锶(SrO)": -0.041666666666666664,
      "氧化锡(SnO2)": -0.19666666666666666,
      "二氧化硫(SO2)": -0.10166666666666667
    },
    "铅钡": {
      "二氧化硅(SiO2)": -19.829123931623926,
      "氧化钠(Na2O)": 0.1809615384615384,
      "氧化钾(K2O)": -0.11568376068376068,
      "氧化钙(CaO)": 1.1140170940170937,
      "氧化镁(MgO)": 0.20852564102564103,
      "氧化铝(Al2O3)": 0.6437179487179487,
      "氧化铁(Fe2O3)": -0.37724358974358974,
      "氧化铜(CuO)": 0.4391880341880341,
      "氧化铅(PbO)": 13.27809829059829,
      "氧化钡(BaO)": -0.012008547008548476,
      "五氧化二磷(P2O5)": 3.2514316239316243,
      "氧化锶(SrO)": 0.06946581196581197,
      "氧化锡(SnO2)": -0.008782051282051291,
      "二氧化硫(SO2)": 0.7051282051282051
    }
  },
  "rel_change": {
    "高钾": {
      "二氧化硅(SiO2)": 38.2,
      "氧化钠(Na2O)": -100.0,
      "氧化钾(K2O)": -94.2,
      "氧化钙(CaO)": -83.7,
      "氧化镁(MgO)": -81.8,
      "氧化铝(Al2O3)": -70.8,
      "氧化铁(Fe2O3)": -86.3,
      "氧化铜(CuO)": -36.3,
      "氧化铅(PbO)": -100.0,
      "氧化钡(BaO)": -100.0,
      "五氧化二磷(P2O5)": -80.0,
      "氧化锶(SrO)": -100.0,
      "氧化锡(SnO2)": -100.0,
      "二氧化硫(SO2)": -100.0
    },
    "铅钡": {
      "二氧化硅(SiO2)": -37.1,
      "氧化钠(Na2O)": 23.5,
      "氧化钾(K2O)": -44.8,
      "氧化钙(CaO)": 90.5,
      "氧化镁(MgO)": 42.4,
      "氧化铝(Al2O3)": 20.2,
      "氧化铁(Fe2O3)": -40.4,
      "氧化铜(CuO)": 28.2,
      "氧化铅(PbO)": 56.3,
      "氧化钡(BaO)": -0.1,
      "五氧化二磷(P2O5)": 359.7,
      "氧化锶(SrO)": 23.4,
      "氧化锡(SnO2)": -13.6,
      "二氧化硫(SO2)": 250.5
    }
  }
}